model,status,accuracy,kappa,neg_f1,neu_f1,pos_f1
Naive Bayes + TF-IDF,final_best,0.6417910447761194,0.3727325921591573,0.5564516129032258,0.7384615384615385,0.4158415841584158
Naive Bayes + BoW,baseline_not_selected,0.6119402985074627,0.32202510297408626,0.5427509293680297,0.701123595505618,0.37777777777777777
SVM + TF-IDF,baseline_not_selected,0.6766169154228856,0.3571244049156733,0.5502183406113537,0.7659574468085106,0.3793103448275862
SVM + BoW,final_best,0.6840796019900498,0.36648922309496335,0.5560538116591929,0.7724665391969407,0.3793103448275862
Logistic Regression + TF-IDF,final_best,0.6691542288557214,0.36488364634189796,0.5714285714285714,0.7540322580645161,0.38095238095238093
Naive Bayes (tuned),tuned_underperformed,0.6144278606965174,0.33735324144971923,0.5206611570247934,0.7171492204899778,0.40707964601769914
SVM (tuned),tuned_underperformed,0.6343283582089553,0.33576125442589777,0.549800796812749,0.723404255319149,0.3855421686746988
Logistic Regression (tuned),tuned_underperformed,0.6442786069651741,0.34266405955198787,0.555984555984556,0.729957805907173,0.39436619718309857
